t,x,err
53430.184331,6.81172,0.03216
53454.471872,15.76797,1.00875
53460.216440,17.82252,0.06820
53461.418292,28.27420,0.11082
53461.818303,18.11435,0.87700
53489.800458,37.64434,0.13686
53493.225900,24.14787,0.28482
53558.908982,73.54191,0.18305
53647.590472,34.96830,0.14982
53647.594077,43.48428,1.18282
53680.125544,31.71465,0.36500
53737.994523,66.20851,0.18109
53739.494183,84.59026,0.14123
53740.494366,68.14595,0.15267
53742.945540,49.28714,0.10536
53755.674271,38.33609,4.51795
53848.460452,47.11958,0.07152
53850.344047,44.31701,0.09897
53851.215639,47.33245,0.13454
53851.959668,43.46933,0.18699
53900.490354,33.95502,0.10873
53901.731702,30.99328,0.08447
53903.000845,44.41251,0.04597
53905.513817,43.60417,0.03832
53907.002621,37.22644,1.59575
53907.501768,46.12010,0.05762
53908.533065,41.83565,0.04724
53909.678439,75.37274,0.30830
53909.697464,70.02341,0.09799
53910.575771,65.99184,0.07602
53913.182130,40.58362,0.12299
53931.448099,87.66389,0.22149
54074.751285,16.91103,0.06625
54182.458311,19.06819,0.09823
54190.090958,27.60582,0.12351
54196.320136,17.42382,0.09604
54203.277385,37.29519,0.16203
54204.449593,37.33054,0.34912
54218.311669,17.25678,0.10700
54224.397965,15.61194,0.09444
54232.197094,15.22212,0.09202
54380.777370,15.29019,0.08927
54380.787249,15.87694,0.05626
54381.814520,15.61264,0.08250
54381.821971,16.45646,0.05387
54387.981769,30.21035,0.04192
54389.790445,22.63168,0.09375
54389.799054,20.87115,0.09119
54397.390701,45.96339,0.07874
54398.526811,55.03546,0.11231
54416.602598,28.89288,0.40377
54417.534043,33.96727,0.18503
54418.570329,39.60054,0.16553
54419.480899,40.01498,0.20554
54420.425812,35.08828,0.17330
54421.429598,26.67661,0.15568
54422.465795,30.45656,0.29365
54423.625414,25.81944,0.08776
54428.510083,30.78242,0.11881
54449.404584,45.57719,0.19740
54465.738202,47.11305,0.16060
54472.696561,31.22552,0.13252
54473.209486,37.24508,0.14118
54474.212506,38.71100,0.14526
54474.467123,38.69582,0.13835
54475.179125,42.34539,0.15329
54475.436519,38.38659,0.13850
54477.444097,27.32544,0.12870
54478.447912,42.46028,0.16549
54479.265952,39.15263,0.22289
54481.178138,45.42544,0.22132
54481.404531,49.83825,0.22411
54482.183131,51.19158,0.31334
54482.408422,38.87569,0.22968
54483.215624,37.77091,0.22679
54483.485829,49.76036,0.24640
54484.221763,47.59106,0.23689
54502.458675,80.29391,0.34422
54502.876272,63.59640,0.26225
54504.815430,65.28799,0.20248
54506.157013,72.02760,0.27163
54506.429731,67.73793,0.29828
54507.193875,68.14394,0.22004
54507.433266,61.35834,0.26432
54508.163430,59.45810,0.21278
54508.503308,60.30913,0.21179
54509.168627,65.44863,0.29857
54509.372447,68.48406,0.38681
54510.136002,60.64589,0.27525
54510.378637,59.44461,0.21011
54511.142872,64.57541,0.27917
54511.448437,56.49632,0.30161
54512.146345,58.49534,0.36008
54512.456273,55.36275,0.28919
54526.345298,37.59189,0.19261
54538.278191,39.70739,0.20321
54556.567457,70.14929,0.20741
54558.036474,42.80785,0.22985
54558.243735,63.15562,0.25688
54559.246876,87.93055,0.28699
54559.923834,78.18813,0.28239
54560.214571,72.15703,0.26364
54561.218390,57.59249,0.24696
54562.251029,59.63356,0.25135
54564.193062,62.09907,0.30485
54566.137987,54.06166,0.18139
54567.173413,42.44801,0.22430
54569.716359,36.99479,0.11765
54588.877580,28.18830,0.13332
54590.238570,51.51827,0.28184
54591.216583,62.25384,0.18402
54592.209865,40.73456,0.16635
54593.213685,41.94026,0.17513
54594.267613,38.89535,0.20455
54594.926671,30.10758,0.17322
54629.948247,42.07072,0.20896
54778.904418,34.25175,0.13554
54792.656202,29.46544,0.09695
54803.911238,33.17911,0.11968
54805.317496,31.94571,0.09815
54843.876177,33.08470,0.21721
54844.742069,35.64002,0.23758
54849.053438,29.05391,0.18149
54858.545739,32.57853,0.20203
54864.752584,45.20919,0.17570
54878.624694,40.05169,0.14576
54885.652519,44.51319,0.17235
54892.062849,23.33833,0.15816
54899.096335,28.86723,0.45163
54906.586532,31.14696,0.18558
54913.943793,19.92680,0.12990
54914.945911,20.41559,0.13868
54916.956102,18.64519,0.14792
54918.964055,15.14868,0.11066
54922.982406,19.06203,0.16547
54924.987951,21.86838,0.14524
54926.982906,31.49293,0.28151
54928.901056,23.51059,0.15025
54930.995393,19.87740,0.16483
54932.965949,42.54218,0.29257
54935.180179,36.77446,0.19620
54937.085821,33.04882,0.14944
54939.040870,27.94507,0.16042
54943.100660,30.27645,0.21240
54944.264183,32.23828,0.13809
54945.028510,29.99298,0.15969
54946.946315,32.67248,0.17828
54948.917668,27.39902,0.13862
54950.962573,25.27864,0.15160
54952.970546,18.57314,0.14129
54954.962429,20.29868,0.15610
54968.953636,17.43019,0.14482
54971.914005,31.71504,0.58633
54972.961581,24.09100,0.16342
54973.194947,21.54110,0.15343
54973.564612,22.38766,0.15803
54973.794452,21.60764,0.17343
54973.881804,19.59980,0.16499
54974.195691,17.66178,0.13919
54974.396751,18.14943,0.14644
54974.647963,22.72108,0.15760
54974.880630,24.46681,0.16972
54975.502349,25.79737,0.09753
54976.506485,24.52997,0.11828
54977.509661,27.30573,0.08969
54978.183222,28.46045,0.17680
54978.451496,31.75472,0.17065
54978.718168,31.03211,0.18021
54978.919202,30.14515,0.18399
55147.752298,95.52192,0.19392
55149.555120,62.84850,0.28276
55150.559609,55.25898,0.25715
55150.737353,60.98591,0.14685
55151.474555,46.32739,0.91644
55152.321490,49.16892,0.12832
55152.504714,50.56813,0.27371
55153.483992,42.89182,0.17937
55154.496831,38.76599,0.15065
55155.492871,43.88190,0.26135
55156.132841,42.96435,0.15059
55158.274307,37.04173,0.16003
55174.693373,28.25604,0.17365
55176.236761,31.80645,0.19313
55178.235895,32.72879,0.19082
55180.242838,50.67596,0.23375
55182.189553,91.33831,0.32150
55186.146581,33.55206,0.18806
55188.855397,50.62168,0.16444
55190.416151,47.42161,0.21686
55192.426593,44.45128,0.20269
55196.441078,67.69405,0.26277
55198.347236,69.87559,0.27993
55200.239978,67.92782,0.29546
55202.544422,53.73572,0.24705
55204.314567,75.22240,0.31611
55205.018749,42.31467,1.67230
55205.751150,47.00982,0.13898
55208.058213,42.32608,0.16120
55209.368473,40.86191,0.20002
55210.368190,66.35648,0.24064
55211.369191,71.07339,0.27662
55211.854033,57.48559,0.25964
55212.377156,35.81420,0.19466
55212.708427,42.16579,0.33553
55213.343119,24.75054,0.11594
55214.348552,20.32094,0.10183
55215.267222,53.49736,0.26012
55215.333821,56.07117,0.26996
55216.329941,51.35273,0.27997
55217.325110,32.79214,0.18640
55219.347052,24.70683,0.15523
55220.283728,42.44090,0.32948
55223.280375,34.26780,0.19665
55225.358434,18.57773,0.14049
55226.290694,10.19648,0.13113
55227.169893,5.99922,0.13892
55228.297478,8.74216,0.09874
55230.107145,17.48420,0.13652
55232.050032,54.40111,0.25182
55234.191984,26.36026,0.51320
55235.332883,27.27492,0.17383
55236.062726,27.43721,0.32911
55237.012868,31.44147,0.18872
55238.067756,31.92813,0.17705
55239.076849,62.55229,0.24868
55240.003458,25.30611,1.31449
55240.009981,33.69184,0.20199
55242.011095,39.91947,1.77108
55242.017267,57.29547,0.27743
55243.029927,02.63867,0.30933
55244.038260,17.81442,0.52614
55245.025605,05.37701,0.43592
55245.403056,99.37571,0.18935
55246.379532,61.73035,0.16146
55247.243155,64.62028,0.16001
55249.244191,87.92303,0.31254
55250.319042,75.31451,0.27429
55251.523737,57.23762,0.25583
55252.258086,57.11507,0.26386
55253.228246,73.19084,0.25005
55254.232753,54.28855,0.24595
55256.181870,68.50440,0.28965
55257.026650,71.22666,0.27807
55258.024529,57.48987,1.20820
55259.101696,79.35938,0.44255
55261.976422,42.21783,0.20931
55262.044485,45.51252,0.29314
55262.978518,37.28307,0.24304
55264.986032,65.41138,0.27649
55265.989487,71.77483,0.29331
55266.994535,49.80577,0.24403
55267.928167,64.71651,0.26360
55269.874986,33.64187,0.20307
55270.441248,53.48218,0.18649
55272.949661,30.28675,0.64798
55273.952757,22.22169,0.22782
55275.020775,25.75122,0.19963
55275.961637,29.90704,0.15497
55276.016101,31.17871,0.18127
55277.162196,29.55213,0.18427
55278.024157,27.34197,0.22341
55280.983188,36.86930,0.19306
55282.375841,44.92017,0.22676
55284.055937,41.35501,0.25103
55286.063512,38.07969,0.20515
55287.002777,25.13845,1.26640
55287.007541,32.36861,0.23885
55287.925635,28.14779,0.19333
55288.945174,31.88608,0.18036
55290.002776,27.94210,1.36454
55290.008569,40.61734,0.27538
55291.070322,28.93834,0.26758
55293.349019,25.80387,0.25682
55294.016401,15.32296,0.12345
55297.093842,11.71436,0.11959
55299.032957,11.76574,0.15572
55303.119210,11.67088,0.12165
55306.132875,21.09754,0.17146
55309.145406,31.52430,0.20897
55312.158128,39.95257,0.22305
55314.846246,42.43372,0.22715
55315.102444,46.24902,0.22606
55318.861143,41.54726,0.19555
55319.865311,38.14935,0.19138
55320.868159,48.57008,0.21267
55321.872261,45.51898,0.20324
55322.871907,46.57500,0.22235
55323.874706,47.36122,0.22440
55325.953073,48.97855,0.21340
55326.892352,31.99205,0.18986
55327.895617,45.60901,0.22349
55330.893626,25.15518,0.17835
55333.034221,43.72338,0.22773
55336.914292,27.65923,0.16414
55339.055715,44.77269,0.20364
55342.073295,31.84507,0.20032
55345.948785,29.14161,0.16474
55348.959253,7.37820,0.08888
55351.936606,6.74110,0.06796
55354.950129,6.43396,0.07377
55357.962763,9.12298,0.09257
55360.075767,6.89303,0.08104
55362.935040,7.40084,0.09828
55365.935812,6.91101,0.07426
55377.678984,7.96765,0.08959
55382.787147,4.71028,0.06445
55386.309028,4.78190,0.07199
55391.058961,7.97189,0.22257
55533.523828,23.12956,0.18126
55535.530624,24.34999,0.14402
55537.483104,17.66066,0.13223
55539.476584,23.83002,0.15812
55543.889935,26.35403,0.17206
55545.501606,15.58106,0.16340
55547.503492,10.35340,0.15990
55549.521031,9.04978,0.10254
55554.467910,18.66121,0.14509
55557.820547,11.58112,0.11266
55560.165042,11.28912,0.12912
55562.426271,10.57924,0.09796
55564.434079,14.82052,0.12066
55566.409802,21.66856,0.13011
55568.450933,11.78232,0.10563
55570.528479,11.61224,0.09515
55572.214239,11.82336,0.12017
55572.472950,10.26130,0.15540
55574.480176,7.01459,0.10244
55576.487328,11.16044,0.10325
55578.303423,9.68774,0.10516
55581.364827,13.43134,0.12158
55582.370830,14.37946,0.12797
55586.249904,11.70422,0.18645
55588.069710,11.68660,0.11894
55590.342837,5.59472,0.11257
55592.478902,6.52166,0.08750
55594.208619,6.59878,0.09334
55594.289704,6.72607,0.12381
55596.294561,6.50473,0.08500
55598.423381,6.62560,0.08445
55600.369829,4.73500,0.07523
55602.450079,3.11613,0.05969
55604.180267,2.08269,0.05304
55604.386454,2.09807,0.04613
55606.187393,2.06707,0.05332
55612.205701,2.30836,0.06476
55614.963999,3.49734,0.06272
55617.294603,7.09351,0.08375
55619.302821,6.04040,0.07624
55621.311754,6.31283,0.08608
55623.319198,9.32322,0.09320
55624.591313,13.87077,0.11206
55625.392832,10.38365,0.12160
55627.148569,12.51564,0.19104
55627.275709,14.06732,0.12510
55629.281246,19.11607,0.15709
55631.348915,11.69938,0.10588
55633.100967,10.08320,0.09521
55635.295449,8.15196,0.09527
55636.975808,7.57223,0.23952
55640.112385,13.52873,0.12020
55642.993303,14.60050,0.12134
55645.261648,17.75917,0.14057
55647.275675,15.45910,0.12821
55649.090079,21.81785,0.14599
55649.220634,19.22157,0.14583
55651.281501,11.59507,0.11997
55655.028471,14.63929,0.11895
55657.243400,18.13441,0.15933
55659.250500,15.77523,0.21229
55660.981392,19.25281,0.15095
55664.810787,24.87662,0.18363
55667.210310,13.72774,0.11250
55670.222255,25.26973,0.15273
55672.158513,18.40316,0.13310
55674.167117,14.32282,0.12808
55676.116311,5.97348,0.05112
55678.250275,6.91326,0.07436
55681.941205,6.96571,0.08230
55682.010266,6.18044,0.08387
55682.141005,5.98016,0.07585
55685.952432,4.06898,0.06830
55687.948267,5.30485,0.07613
55690.965573,14.72962,0.17773
55694.571329,7.57496,0.08337
55698.182601,14.18253,0.12040
55701.945492,11.31349,0.45821
55705.205506,21.64579,0.14661
55707.211720,15.91458,0.12631
55707.949615,12.75421,0.10170
55709.213424,15.96365,0.31718
55709.953277,12.59266,0.11608
55711.157965,15.21595,0.12849
55711.963038,11.05857,0.10573
55713.969077,6.76479,0.08252
55715.907597,8.68781,0.10677
55719.051136,15.64684,0.18557
55722.064749,10.69405,0.10639
55839.946704,22.98735,0.15040
55845.832198,10.05642,0.09923
55851.901303,5.94621,0.12009
55852.102720,4.10287,0.07516
55854.715674,4.97543,0.07880
55859.066941,10.82522,0.11828
55866.826061,6.06304,0.08431
55887.947040,7.10599,0.23463
55894.047379,6.51876,0.07724
55900.067860,8.00794,0.09383
55907.747953,5.40133,0.06352
55918.581046,16.36110,0.13377
55920.516594,14.32787,0.13174
55922.523338,11.56038,0.12175
55930.538498,11.32426,0.15124
55934.417506,9.78373,0.10135
55939.179594,9.91431,0.10161
55941.120229,13.45099,0.11783
55945.132892,21.90080,0.22796
55945.401865,16.74448,0.16918
55947.137371,14.49936,0.13034
55947.459486,13.07690,0.60484
55949.402196,9.41927,0.10911
55951.409404,8.33166,0.18567
55953.471930,10.66658,0.11480
55955.410068,10.75478,0.11097
55957.415630,15.84899,0.13051
55959.436892,20.43376,0.17836
55960.818955,17.17830,0.39125
55967.452812,14.55171,0.20324
55972.326514,15.01293,0.13483
55974.191206,14.22269,0.11646
55976.329259,6.18904,0.08590
55978.201411,8.77661,0.10515
55978.335092,10.35685,0.10881
55980.342870,11.19035,0.11475
55982.179229,14.55514,0.11958
55982.354312,12.97498,0.11623
55984.360509,9.16949,0.09823
55986.366542,9.41259,0.09935
55988.637486,10.02022,0.12995
55995.228159,18.57927,0.16127
56000.339182,20.07908,0.15130
56002.271429,18.86037,0.16214
56006.280512,31.07589,0.19458
56008.160592,22.32777,0.15854
56008.352581,19.88932,0.15952
56009.841325,20.52855,0.16354
56010.156014,21.88953,0.15619
56012.093186,19.49802,0.28781
56012.261878,19.02262,0.15612
56014.049211,24.15999,0.16482
56016.036892,19.78978,0.17789
56021.917580,12.51348,0.13164
56023.525222,8.20630,0.09468
56025.927796,16.58556,0.16387
56029.336738,14.88087,0.12518
56030.743255,11.18221,0.10926
56033.150667,11.55449,0.10902
56037.293786,17.14004,0.13402
56038.036824,22.40038,0.16743
56039.019028,9.88269,0.10986
56040.021752,7.47053,0.09229
56041.170769,5.53885,0.08918
56041.959329,12.61462,0.12002
56044.181363,11.30916,0.19528
56046.655530,19.17721,0.15132
56048.190520,14.34155,0.15426
56052.945013,25.69115,0.16962
56054.939432,22.31746,0.16225
56056.208876,43.48542,0.22066
56058.190129,24.92561,0.17029
56062.165926,20.09997,0.15795
56064.160148,28.23065,0.17640
56066.166934,28.45603,0.15976
56068.165814,22.03464,0.29809
56072.713340,27.35166,0.17797
56074.718461,16.65953,0.13996
56076.789411,21.34730,0.15600
56078.530581,43.34872,0.20926
56268.423340,14.34397,0.13160
56272.433127,17.01968,0.13747
56276.166375,13.44267,0.13020
56278.497066,6.29743,0.13517
56280.177699,11.50652,0.18772
56284.174736,25.67607,0.17647
56287.126379,15.90762,0.12667
56291.387917,12.84095,0.10767
56294.824092,12.30147,0.10381
56296.942459,18.77495,0.13995
56300.156232,7.70354,0.10390
56302.193817,9.07755,0.07874
56302.379192,9.42723,0.09141
56302.481978,8.53425,0.08622
56302.750330,9.43813,0.05393
56302.963378,11.13488,0.13613
56304.484944,14.16723,0.11751
56307.167901,21.90222,0.09243
56307.460630,22.23862,0.07174
56310.172574,8.73576,0.09905
56312.408280,9.75001,0.03998
56314.512831,10.95300,0.10457
56317.368797,12.02437,0.13311
56320.310832,17.43445,0.15166
56324.665788,31.97488,0.23715
56327.375259,27.59282,0.20117
56329.231682,21.09346,0.05049
56331.322188,28.69080,0.61814
56333.133030,21.39913,0.16040
56335.305611,24.03829,0.08305
56338.002759,9.23756,0.72846
56338.008441,11.56767,0.12610
56340.213055,13.09504,0.04495
56342.175197,13.07055,0.14029
56346.353156,14.65603,0.12961
56350.362973,12.14904,0.11671
56352.372965,17.16203,0.13336
56355.989418,33.33574,0.23431
56356.187621,30.28024,0.09124
56358.321617,27.73466,0.26274
56363.002759,21.98935,1.19613
56363.200096,22.71676,0.05786
56366.258191,19.89020,0.15993
56368.233895,21.93365,0.06212
56369.071383,30.47234,0.18326
56370.072475,30.30379,0.18442
56374.284639,58.02928,0.25652
56381.954070,83.08380,0.44112
56383.280219,81.66637,0.29567
56383.966315,62.25819,0.25634
56384.888385,47.69951,0.17818
56385.120987,43.79898,0.09893
56387.087283,29.80136,0.18189
56389.223731,20.83334,0.16958
56392.094411,56.40180,0.24118
56393.165959,68.10346,0.26238
56393.225860,59.33578,0.16253
56393.939554,03.41324,0.37031
56394.202042,33.88260,0.17512
56395.209977,73.47220,0.18973
56396.205404,71.22698,0.12576
56397.135535,33.08215,0.20759
56397.969101,69.02238,0.37771
56398.503204,63.46303,0.10801
56399.245018,68.55534,0.09260
56400.205610,22.45235,0.06121
56401.182917,25.40985,0.06888
56402.180111,43.86607,0.11628
56403.318850,19.30755,0.23186
56408.361653,32.62864,0.18859
56412.163870,31.26803,0.19824
56413.949135,20.82019,0.13595
56414.201921,26.11078,0.11198
56416.134709,28.34947,0.30896
56418.628187,20.29242,0.27609
56420.016032,13.35685,0.13379
56423.914721,10.22094,0.06526
56428.186280,12.35194,0.11381
56616.792043,16.37383,0.13823
56616.824778,17.37665,0.13988
56627.268612,21.93374,0.14905
56629.536957,25.99821,0.16841
56631.267606,35.79589,0.19637
56633.532644,23.96134,0.23712
56635.265732,54.22841,0.24397
56637.477209,48.40094,0.22530
56639.274185,59.28287,0.25517
56641.273617,47.95799,0.25280
56644.349885,36.58270,0.20204
56647.148945,22.72670,0.14702
56649.544980,16.00974,0.13571
56653.151087,21.69594,0.15632
56659.523107,29.72957,0.18466
56663.486694,40.74769,0.28860
56665.225100,27.67044,0.16186
56667.461727,16.54541,0.12708
56668.096059,15.04806,1.99541
56669.171521,11.73539,0.11795
56671.273621,15.99844,0.13563
56677.173610,12.20315,0.11953
56681.308628,8.59714,0.14648
56683.367420,19.19835,0.15404
56685.165421,14.93368,0.12584
56695.368446,15.22694,0.13253
56699.180934,33.34965,0.29340
56702.370636,66.39034,0.27035
56703.168693,76.37035,0.46272
56708.071208,19.70195,0.15013
56710.104949,21.88086,0.20835
56716.315963,13.23024,0.15843
56720.384544,34.93791,0.20309
56722.064905,44.73357,0.21938
56724.391705,34.63765,0.20044
56726.063932,41.78567,0.21506
56737.185034,21.43534,0.16300
56739.056101,32.07228,0.19016
56741.318658,44.41584,0.21625
56743.120084,31.29551,0.10309
56743.349835,24.65766,0.09109
56745.063985,32.24314,0.18886
56745.259312,38.06106,0.19007
56748.257150,31.68756,0.32699
56749.069597,31.39980,0.24546
56751.254484,20.45938,0.14853
56753.054285,34.36501,0.20550
56755.932348,18.70304,0.14665
56759.979981,14.78218,0.59127
56761.453582,16.93778,0.12649
56763.727487,17.81919,0.13292
56765.664557,15.86536,0.12866
56767.186131,15.05816,0.13355
56768.936263,15.45502,0.16333
56771.269380,17.35371,0.14181
56772.936462,27.23285,0.17027
56773.129196,26.84913,0.15858
56773.924204,31.66103,0.12329
56774.320191,35.71240,0.19915
56775.171819,34.06453,0.13683
56775.259568,35.62565,0.20004
56775.320147,38.09814,0.20250
56775.932377,39.61058,0.29296
56776.125553,40.45012,0.18334
56776.934516,40.34792,0.20970
56777.002759,30.34881,1.38210
56777.165678,33.69904,0.11199
56778.491191,27.01669,0.18688
56779.117812,21.47448,0.26567
56779.451842,24.44230,0.22336
56779.930155,34.39162,0.30026
56780.051063,33.76521,0.26414
56780.993814,19.80329,0.21706
57024.968635,53.40236,0.24562
57026.274730,34.53649,0.25221
57028.811991,47.57562,0.22528
57031.077638,74.39085,0.29185
57033.765793,62.87100,0.32109
57035.238176,50.95008,0.24229
57037.099865,44.80260,0.23896
57039.230492,45.18949,0.22656
57040.549223,41.13939,0.23492
57041.488777,60.40384,0.26219
57043.255357,43.51374,0.21258
57043.488753,53.28227,0.20296
57046.489069,43.65771,0.42068
57047.337867,34.21822,0.19003
57049.076596,49.57155,0.26435
57051.130987,31.72689,0.18849
57053.002760,21.49833,1.18219
57053.008797,26.16651,0.22857
57056.058936,30.07907,0.25854
57059.326880,42.05777,0.36470
57062.120917,46.80537,0.24808
57064.086272,52.42455,0.24990
57066.046316,53.99188,0.29137
57068.238962,41.06754,0.25118
57070.360429,36.46123,0.47038
57072.289948,33.46268,0.91797
57074.288739,29.32424,0.39050
57076.286493,24.50867,0.27827
57078.104510,25.54003,0.31854
57080.283247,27.82900,0.28656
57082.224455,21.69146,0.18791
57089.015939,60.35911,0.29041
57092.006232,39.47152,1.70362
57092.011581,48.94844,0.26975
57094.201298,53.18797,0.29600
57096.205968,54.02106,0.24181
57100.184892,33.27694,0.20235
57102.180915,30.10874,0.18230
57103.910765,32.13422,0.18787
57105.972603,41.64127,0.24857
57108.050433,63.59547,0.26202
57112.027868,96.89517,0.31446
57112.893988,90.72816,0.25870
57113.491647,78.27438,0.25262
57114.290964,70.11824,0.19083
57115.420581,51.31896,0.27861
57116.951133,73.40192,0.28428
57119.943174,32.74760,0.21443
57121.911227,51.54943,0.25896
57123.339291,57.84092,0.24081
57125.748636,61.78665,0.29451
57126.369598,60.25462,0.28398
57127.265391,40.49775,0.20558
57129.192898,44.97083,0.28712
57130.127088,35.61880,0.20212
57131.191079,27.69202,0.24923
57132.870510,50.75362,0.23418
57133.323244,48.28140,0.22709
57134.934714,50.45569,0.23954
57137.056757,32.21463,0.20169
57140.248323,36.49717,0.21482
57141.917303,42.14642,0.21803
57147.257627,36.66223,0.19827
57148.956473,35.96967,0.19801
57149.971957,23.65021,0.77464
57150.153373,21.28121,0.14688
57152.154828,24.79965,0.16043
57154.219516,31.79525,0.17215
57156.206731,29.43628,0.18158
57158.148394,25.19237,0.15851
57160.929518,29.91268,0.18094
57161.794187,29.68402,0.18107
57162.924885,30.09274,0.19221
57163.921963,24.71226,0.17785
57166.466067,31.97196,0.28698
57168.413128,10.77395,0.12422
57171.903184,51.99936,0.23862
57172.243022,64.62885,0.26920
57174.036506,54.22015,0.24234
57175.365531,41.14826,0.22627
57176.439707,34.91267,0.29865
57178.887957,40.01265,0.39826
57181.892879,8.87725,0.11983
57182.486410,19.65758,0.18255
57184.895814,23.24961,0.23224
57189.002760,50.09075,2.05110
57189.008459,56.98426,0.28012
57190.948288,51.12146,0.24167
57193.229735,19.95001,0.11810
57193.927631,16.36925,0.12795
57194.933296,9.79417,0.10084
57197.927129,40.67339,0.24147
57364.436477,6.90718,0.08945
57367.493047,20.28045,0.15450
57370.422289,48.85752,0.22442
57373.480898,42.68360,0.21468
57374.576631,28.79375,0.07372
57375.546927,27.76233,0.08383
57376.237219,25.35572,0.12502
57376.504097,24.16550,0.07374
57377.635838,35.78134,0.15152
57378.491345,29.47707,0.13092
57379.492036,29.37019,0.17334
57380.797631,33.81281,0.19148
57381.525750,28.71531,0.17171
57382.858077,35.05227,0.19630
57383.125560,40.29746,0.21092
57385.054918,30.70623,0.19263
57386.506048,65.84093,0.26890
57387.770198,67.04934,0.28269
57388.568458,45.85648,0.24823
57389.633124,43.40969,0.21853
57390.696588,50.88742,0.22765
57391.561683,59.41559,0.25958
57391.974489,43.11253,0.55050
57392.172941,58.36011,0.27719
57393.690834,47.63471,0.24777
57394.201810,44.49692,0.22787
57394.427084,40.95557,0.23234
57395.491703,33.33662,0.18595
57396.160059,40.54768,0.22194
57397.478653,37.30739,0.21180
57398.222889,42.14331,0.21828
57400.215329,42.01642,0.21668
57400.409195,39.99641,0.20896
57402.209666,34.19604,0.19957
57403.399846,37.43353,0.20586
57404.139649,37.38181,0.24955
57405.454511,23.40888,0.32678
57408.195898,39.19753,0.22855
57412.915301,15.64954,0.34063
57414.095258,19.15847,0.15464
57416.426847,39.40961,0.28499
57418.027778,35.39853,0.19994
57420.142378,40.56479,0.22291
57424.329967,13.69588,0.12586
57425.260301,13.29707,0.14200
57426.192209,22.46006,0.14712
57426.457142,20.12550,0.14540
57428.317619,23.48163,0.16011
57430.179705,9.72118,0.11803
57430.316760,9.14518,0.10732
57432.309393,13.57157,0.11816
57434.075722,12.50678,0.16050
57436.192855,13.72767,0.12493
57438.222686,14.36285,0.15095
57451.271542,12.56992,0.13352
57453.061751,11.94724,0.11968
57453.315974,11.00706,0.12594
57455.310468,11.27079,0.13823
57457.302493,8.66630,0.10790
57459.908526,7.89819,0.09488
57460.962853,13.51101,0.14901
57473.994175,12.97508,0.12263
57476.243381,27.25584,0.19609
57477.979105,30.47196,0.18873
57478.171159,33.23020,0.18061
57480.271646,32.12643,0.19732
57482.024654,24.61042,0.18873
57482.291641,22.82117,0.15614
57484.218844,22.38986,0.16238
57485.919283,24.69440,0.23786
57487.923909,25.60795,0.18426
57489.918452,20.67433,0.16259
57491.910532,19.53409,0.14042
57499.777392,16.34437,0.35493
57505.966936,26.74295,0.16893
57506.961489,27.83988,0.17504
57509.948657,34.04363,0.20098
57511.936808,21.85801,0.16206
57513.941951,16.32384,0.14434
57515.923720,21.51158,0.15602
57517.921492,21.52283,0.15088
57519.920077,21.32907,0.16389
57520.979259,15.74879,0.13932
57527.650853,21.55593,0.16745
57534.600278,50.25607,0.21800
57538.256661,34.52679,0.27181
57541.246205,33.14307,0.18935
57542.903848,30.18152,0.44198
57544.782812,21.04625,0.16963
57546.328534,38.86709,0.20661
57548.492163,92.78644,0.31977
57549.629140,77.93140,0.29821
57550.416894,32.49097,0.18991
57550.831235,33.00024,0.19024
57551.285452,33.05002,0.22683
57551.827361,44.11794,0.23245
57555.014110,33.41425,0.20020
57717.247170,9.18731,0.10804
57719.836798,8.29002,0.10306
57721.260696,7.69091,0.09976
57723.253861,7.02017,0.08917
57724.448303,8.69241,0.10490
57725.256165,10.89437,0.10753
57726.442510,12.92056,0.12874
57727.252866,12.88435,0.11669
57728.501247,10.87441,0.11691
57729.245193,9.26830,0.09375
57730.428142,7.28571,0.08772
57731.290895,9.50675,0.11281
57732.486137,6.64176,0.09018
57733.217308,9.42540,0.09918
57735.210605,7.94014,0.09332
57737.002760,8.31242,0.72948
57737.008453,8.57992,0.11058
57739.927523,12.98702,0.19536
57744.160873,16.09343,0.13771
57744.580470,16.50385,0.13191
57747.277084,20.13977,0.15135
57749.213530,21.83551,0.18887
57749.503266,22.09168,0.16785
57751.275354,22.17088,0.17941
57753.200327,29.97368,0.17285
57754.484594,35.69569,0.20129
57755.228819,36.65051,0.21177
57756.158947,25.67344,0.17023
57757.311202,32.98616,0.07956
57758.142513,32.33778,0.62891
57759.143578,52.54919,0.27192
57760.112203,54.40350,0.17749
57761.490039,52.70087,0.27860
57763.265208,40.61627,0.21525
57765.362139,27.00813,0.13802
57772.036589,31.41603,0.17613
57774.361118,28.28890,0.16999
57776.206888,23.34705,0.19696
57778.533956,26.08802,0.20113
57780.192539,21.87273,0.18954
57782.185690,10.36618,0.11611
57784.181592,20.96443,0.23293
57784.985126,32.23936,0.18806
57785.041930,36.78922,0.24782
57785.107914,34.56632,0.22454
57785.173556,35.33966,0.22534
57785.240213,33.58354,0.26280
57785.307576,35.31372,0.20590
57785.373544,35.05534,0.22369
57785.439769,29.48481,0.17838
57785.505779,26.36746,0.17694
57786.236292,15.65697,0.14607
57788.042933,40.00166,0.28010
57790.156029,25.61610,0.17070
57792.215716,16.28544,0.13732
57801.228767,18.08419,0.15952
57803.064849,25.22831,0.17496
57805.126088,32.08486,0.20004
57807.119170,29.70606,0.18026
57810.360558,27.92670,0.18412
57812.952426,32.38647,0.94474
57813.090342,45.43519,2.71326
57819.066084,25.71953,0.17567
57826.915528,30.95178,0.18948
57828.965906,33.26930,0.19749
57831.085130,37.62699,0.21480
57831.211988,41.08670,4.97989
57833.092544,35.90243,0.31468
57835.142206,21.85897,0.15935
57838.062205,16.32581,0.14618
57839.933798,14.56646,0.12062
57840.002760,11.55179,0.83188
57840.053780,14.43495,0.13627
57840.121514,15.92756,0.15391
57840.130675,15.27627,0.12312
57840.189663,15.76109,0.13054
57840.329866,16.58052,0.13467
57841.048703,24.82635,0.17724
57841.859953,19.22936,0.22782
57843.920649,17.37018,0.15600
57844.371531,16.23566,0.13141
57846.127354,14.71136,0.12279
57848.088604,16.56570,0.18787
57858.195002,49.67084,0.27021
57860.258851,62.31866,0.27761
57861.729496,29.92974,0.19201
57863.253682,32.22078,0.19929
57865.374310,33.99498,0.19195
57867.162184,32.85159,0.20178
57867.194559,36.28011,0.22024
57868.361539,33.94863,0.18436
57869.303844,33.85744,0.24337
57870.219247,32.10805,0.32138
57871.348865,29.20782,0.17847
57872.210487,30.79702,0.20158
57873.879466,34.87983,0.20154
57874.081219,39.70202,0.22298
57880.186334,29.23726,0.17156
57887.895590,33.95277,0.18258
57892.211654,36.01695,0.23454
57894.397408,32.88824,0.18701
57895.192787,30.87869,0.18467
57898.183449,39.79027,0.21705
57901.445420,40.62725,0.22136
57908.164838,19.19459,0.14299
57915.665041,22.35081,0.16220
57922.447795,21.63748,0.15804
57925.091138,22.87372,0.15591
57927.360480,18.48469,0.14014
57928.885032,17.76622,0.14046
57929.818870,18.70736,0.14169
57930.147978,18.24312,0.19613
57931.606925,27.38759,0.16692
58090.691341,33.43412,0.18947
58094.290921,20.77377,0.15406
58100.284175,25.95712,0.18983
58102.279471,23.34213,0.17641
58103.444450,22.06871,0.14231
58104.271881,25.95978,0.17136
58106.331559,51.81260,0.23036
58106.499974,56.06009,0.24013
58107.144439,45.84539,0.17268
58108.300097,67.99513,0.26784
58109.421644,85.00600,0.44664
58110.305104,64.08552,0.58545
58112.659488,26.97727,0.17631
58113.316035,21.92821,0.16008
58114.154564,23.30367,0.16058
58116.215284,35.74582,0.20280
58118.145205,31.28742,0.33803
58120.985873,40.89466,0.21588
58121.650133,47.19624,0.22155
58122.192768,43.30269,0.21561
58122.380952,40.55093,0.21837
58123.916061,68.76928,0.28127
58124.441731,55.15719,0.36983
58125.500420,63.59229,0.26873
58126.761919,71.57794,0.27552
58127.498472,67.36292,0.31667
58128.101820,61.94331,0.26436
58129.021981,94.51137,0.33018
58130.164603,68.65591,0.31027
58131.417090,80.01491,0.32415
58132.272579,52.69163,0.32833
58133.406689,90.43662,0.43613
58134.130999,16.71699,1.27786
58135.399317,38.43745,0.47883
58135.895787,44.24934,0.25918
58136.002760,95.07802,2.96443
58136.262366,33.06345,0.21154
58137.056006,12.07055,0.48163
58137.318518,86.18507,0.13098
58139.383645,71.55042,0.31904
58140.116636,06.68253,0.55788
58141.437700,88.00053,0.30269
58142.568793,69.63447,0.30597
58144.425700,70.94991,0.28997
58145.156431,03.83075,0.33428
58146.683180,12.03874,0.35183
58147.255148,71.78817,0.27134
58148.079575,51.90923,0.22921
58150.874115,66.99512,0.26257
58152.935072,89.98295,0.33626
58153.258424,78.26233,0.28940
58155.320229,73.82519,0.28094
58156.316635,13.85725,0.54569
58158.275353,57.13785,0.30903
58160.302204,47.77245,0.25493
58162.365380,51.44646,0.31181
58163.041064,67.75288,0.29192
58164.356851,48.51884,0.22145
58165.823434,60.35389,0.24263
58166.333765,49.86585,0.25897
58168.342560,28.14380,0.17465
58169.020619,29.02487,0.16910
58170.341063,36.96560,0.19776
58172.326992,30.45767,0.21834
58174.348015,45.20281,0.27244
58176.311173,29.11098,0.17478
58182.961495,55.50683,0.23633
58185.026220,56.06429,0.29876
58187.135465,46.30910,0.23300
58189.194801,57.87832,0.25181
58191.983074,58.71487,0.26786
58192.310860,54.01605,0.46493
58193.442819,49.85216,0.37504
58194.983473,39.39109,0.20955
58195.109759,45.61612,0.36664
58196.640432,35.79763,0.19591
58197.906065,35.88057,0.21334
58198.591717,45.55178,0.28438
58199.821241,74.22412,0.37393
58200.018095,78.08973,0.40652
58201.622014,53.17479,0.32565
58202.074753,41.99377,0.26001
58210.194640,44.33020,0.23129
58212.954502,32.22785,0.19744
58215.104959,19.35882,0.15113
58216.936187,20.75719,0.12707
58219.126030,29.63167,0.15597
58221.117001,25.63460,0.14130
58225.073230,34.21784,0.22024
58226.931597,33.58556,0.19196
58228.992391,45.34847,0.22927
58231.171202,37.94570,0.20345
58238.218624,28.20518,0.18093
58242.929466,16.51660,0.13659
58245.978836,18.76686,0.16441
58247.976760,17.78499,0.15116
58249.966639,13.28775,0.12653
58252.299677,20.98231,0.16257
58252.952402,20.57244,0.15058
58255.940240,13.12071,0.13475
58258.960158,19.26103,0.17488
58259.274253,19.84236,0.14444
58266.442704,16.13120,0.13447
58276.436624,21.13044,0.15697
58280.332829,22.68875,0.15894
58287.170798,24.74150,0.16493
58294.209220,13.71809,0.15293
58415.002760,19.63953,1.05350
58415.007744,24.60813,0.19840
58422.908274,25.32317,0.16337
58429.616149,36.29958,0.19788
58429.684841,33.64479,0.32348
58436.459441,30.68562,0.18943
58436.786164,30.90363,0.19180
58443.625014,25.96754,0.16451
58450.729290,40.32714,0.20868
58457.577264,30.91535,0.29295
58464.145891,46.88675,0.29612
58471.989907,22.33153,0.16896
58478.462020,30.45981,0.19940
58482.091409,31.36403,0.18514
58486.267978,35.71505,0.20145
58488.135280,47.57763,0.23500
58490.126657,31.68820,0.18288
58492.117776,33.50692,0.19062
58494.110275,32.23235,0.26807
58496.098821,27.32296,0.18079
58498.079606,27.37550,0.17876
58500.141240,23.07265,0.16179
58502.261762,19.13881,0.23711
58504.188447,24.21819,0.17063
58506.179071,41.91098,0.27532
58508.915547,29.32511,0.19697
58511.098009,25.66791,0.18688
58515.240814,24.41948,0.16398
58517.236670,24.61508,0.16265
58519.293552,25.98314,0.17736
58521.289906,23.61798,0.15860
58523.246717,33.66539,0.29009
58526.053216,28.65856,0.19474
58528.111508,37.65568,0.22930
58530.171586,52.31396,0.28056
58538.125780,48.54375,0.25408
58540.065511,21.48862,0.17323
58542.177058,52.44580,0.26765
58544.232983,52.07058,0.23972
58546.970647,43.43344,0.20660
58549.957616,45.87146,0.21532
58551.868288,54.79617,0.23972
58553.966502,43.95864,0.22509
58556.051381,45.79797,0.23074
58558.112677,49.61934,0.22868
